Elapsed_Time,Left_Stride_Interval,Right_Stride_Interval,Left_Swing_Interval,Right_Swing_Interval,Left_Swing_Interval_Percent,Right_Swing_Interval_Percent,Left_Stance_Interval,Right_Stance_Interval,Left_Stance_Interval_Percent,Right_Stance_Interval_Percent,Double_Support_Interval_Sec,Double_Support_Interval_Percent
21.9567,1.17,1.1467,0.3933,0.4033,33.62,35.17,0.7767,0.7433,66.38,64.83,0.3733,31.91
23.14,1.1833,1.1933,0.4133,0.4233,34.93,35.47,0.77,0.77,65.07,64.53,0.3467,29.3
24.2633,1.1233,1.1567,0.4,0.4233,35.61,36.6,0.7233,0.7333,64.39,63.4,0.3,26.71
25.38,1.1167,1.1067,0.3933,0.41,35.22,37.05,0.7233,0.6967,64.78,62.95,0.3133,28.06
26.5,1.12,1.14,0.3767,0.3867,33.63,33.92,0.7433,0.7533,66.37,66.08,0.3567,31.85
27.6567,1.1567,1.1367,0.3833,0.4233,33.14,37.24,0.7733,0.7133,66.86,62.76,0.35,30.26
28.8,1.1433,1.15,0.3833,0.38,33.53,33.04,0.76,0.77,66.47,66.96,0.38,33.24
29.9833,1.1833,1.1567,0.4067,0.43,34.37,37.18,0.7767,0.7267,65.63,62.82,0.3467,29.3
31.12,1.1367,1.1733,0.3867,0.4433,34.02,37.78,0.75,0.73,65.98,62.22,0.3067,26.98
32.2633,1.1433,1.1333,0.39,0.4433,34.11,39.12,0.7533,0.69,65.89,60.88,0.31,27.11
33.3867,1.1233,1.1333,0.38,0.3833,33.83,33.82,0.7433,0.75,66.17,66.18,0.36,32.05
34.56,1.1733,1.14,0.4,0.39,34.09,34.21,0.7733,0.75,65.91,65.79,0.3833,32.67
35.71,1.15,1.1667,0.4033,0.4367,35.07,37.43,0.7467,0.73,64.93,62.57,0.31,26.96
36.8333,1.1233,1.13,0.38,0.42,33.83,37.17,0.7433,0.71,66.17,62.83,0.3233,28.78
37.98,1.1467,1.1567,0.38,0.4367,33.14,37.75,0.7667,0.72,66.86,62.25,0.33,28.78
39.11,1.13,1.12,0.3733,0.4167,33.04,37.2,0.7567,0.7033,66.96,62.8,0.34,30.09
40.2867,1.1767,1.15,0.41,0.4367,34.84,37.97,0.7667,0.7133,65.16,62.03,0.33,28.05
41.43,1.1433,1.1733,0.39,0.4367,34.11,37.22,0.7533,0.7367,65.89,62.78,0.3167,27.7
42.58,1.15,1.12,0.3933,0.41,34.2,36.61,0.7567,0.71,65.8,63.39,0.3467,30.14
43.72,1.14,1.1633,0.3733,0.4233,32.75,36.39,0.7667,0.74,67.25,63.61,0.3433,30.12
44.87,1.15,1.14,0.3833,0.3767,33.33,33.04,0.7667,0.7633,66.67,66.96,0.39,33.91
46.0167,1.1467,1.1433,0.3867,0.4133,33.72,36.15,0.76,0.73,66.28,63.85,0.3467,30.23
47.1767,1.16,1.1833,0.35,0.45,30.17,38.03,0.81,0.7333,69.83,61.97,0.36,31.03
48.34,1.1633,1.1467,0.4033,0.43,34.67,37.5,0.76,0.7167,65.33,62.5,0.33,28.37
49.47,1.13,1.14,0.38,0.43,33.63,37.72,0.75,0.71,66.37,62.28,0.32,28.32
50.6267,1.1567,1.1433,0.3967,0.3867,34.29,33.82,0.76,0.7567,65.71,66.18,0.3733,32.28
51.7733,1.1467,1.1333,0.39,0.41,34.01,36.18,0.7567,0.7233,65.99,63.82,0.3467,30.23
52.9033,1.13,1.1633,0.3767,0.4233,33.33,36.39,0.7533,0.74,66.67,63.61,0.33,29.2
54.03,1.1267,1.1367,0.3767,0.4267,33.43,37.54,0.75,0.71,66.57,62.46,0.3233,28.7
55.1567,1.1267,1.1233,0.3833,0.42,34.02,37.39,0.7433,0.7033,65.98,62.61,0.3233,28.7
56.2833,1.1267,1.12,0.3733,0.42,33.14,37.5,0.7533,0.7,66.86,62.5,0.3333,29.59
57.4,1.1167,1.1267,0.38,0.42,34.03,37.28,0.7367,0.7067,65.97,62.72,0.3167,28.36
58.5233,1.1233,1.1267,0.3767,0.4333,33.53,38.46,0.7467,0.6933,66.47,61.54,0.3133,27.89
59.6667,1.1433,1.1067,0.3967,0.4033,34.69,36.45,0.7467,0.7033,65.31,63.55,0.3433,30.03
60.8233,1.1567,1.1733,0.4,0.44,34.58,37.5,0.7567,0.7333,65.42,62.5,0.3167,27.38
61.94,1.1167,1.1167,0.3833,0.4167,34.33,37.31,0.7333,0.7,65.67,62.69,0.3167,28.36
63.0567,1.1167,1.13,0.3767,0.42,33.73,37.17,0.74,0.71,66.27,62.83,0.32,28.66
64.21,1.1533,1.13,0.38,0.3767,32.95,33.33,0.7733,0.7533,67.05,66.67,0.3967,34.39
65.3433,1.1333,1.1367,0.3833,0.37,33.82,32.55,0.75,0.7667,66.18,67.45,0.38,33.53
66.4933,1.15,1.1467,0.3933,0.4167,34.2,36.34,0.7567,0.73,65.8,63.66,0.34,29.57
67.62,1.1267,1.16,0.3767,0.4367,33.43,37.64,0.75,0.7233,66.57,62.36,0.3133,27.81
68.7767,1.1567,1.14,0.3933,0.3967,34.01,34.8,0.7633,0.7433,65.99,65.2,0.3667,31.7
69.92,1.1433,1.12,0.3833,0.4133,33.53,36.9,0.76,0.7067,66.47,63.1,0.3467,30.32
71.08,1.16,1.15,0.3867,0.41,33.33,35.65,0.7733,0.74,66.67,64.35,0.3633,31.32
72.2433,1.1633,1.18,0.39,0.4033,33.52,34.18,0.7733,0.7767,66.48,65.82,0.37,31.81
73.4033,1.16,1.1833,0.3533,0.4433,30.46,37.46,0.8067,0.74,69.54,62.54,0.3633,31.32
74.6133,1.21,1.1567,0.39,0.4067,32.23,35.16,0.82,0.75,67.77,64.84,0.4133,34.16
75.7767,1.1633,1.2067,0.38,0.4467,32.66,37.02,0.7833,0.76,67.34,62.98,0.3367,28.94
76.9133,1.1367,1.1233,0.3933,0.38,34.6,33.83,0.7433,0.7433,65.4,66.17,0.3633,31.96
78.03,1.1167,1.1167,0.39,0.3667,34.93,32.84,0.7267,0.75,65.07,67.16,0.36,32.24
79.15,1.12,1.11,0.3867,0.3633,34.52,32.73,0.7333,0.7467,65.48,67.27,0.37,33.04
80.31,1.16,1.16,0.3967,0.3867,34.2,33.33,0.7633,0.7733,65.8,66.67,0.3767,32.47
81.4767,1.1667,1.15,0.3933,0.38,33.71,33.04,0.7733,0.77,66.29,66.96,0.3933,33.71
82.5833,1.1067,1.1467,0.38,0.3733,34.34,32.56,0.7267,0.7733,65.66,67.44,0.3533,31.93
83.71,1.1267,1.1367,0.3833,0.4233,34.02,37.24,0.7433,0.7133,65.98,62.76,0.32,28.4
84.8367,1.1267,1.1067,0.3867,0.4033,34.32,36.45,0.74,0.7033,65.68,63.55,0.3367,29.88
85.9567,1.12,1.1267,0.3833,0.4067,34.23,36.09,0.7367,0.72,65.77,63.91,0.33,29.46
87.1,1.1433,1.1333,0.3933,0.4067,34.4,35.88,0.75,0.7267,65.6,64.12,0.3433,30.03
88.2733,1.1733,1.15,0.4033,0.38,34.38,33.04,0.77,0.77,65.62,66.96,0.39,33.24
89.4,1.1267,1.1767,0.3667,0.39,32.54,33.14,0.76,0.7867,67.46,66.86,0.37,32.84
90.53,1.13,1.12,0.38,0.42,33.63,37.5,0.75,0.7,66.37,62.5,0.33,29.2
91.6833,1.1533,1.1333,0.3933,0.39,34.1,34.41,0.76,0.7433,65.9,65.59,0.37,32.08
92.8033,1.12,1.1267,0.3733,0.37,33.33,32.84,0.7467,0.7567,66.67,67.16,0.3767,33.63
93.9333,1.13,1.17,0.35,0.4067,30.97,34.76,0.78,0.7633,69.03,65.24,0.3733,33.04
95.1033,1.17,1.15,0.39,0.4033,33.33,35.07,0.78,0.7467,66.67,64.93,0.3767,32.19
96.2767,1.1733,1.1367,0.4033,0.43,34.38,37.83,0.77,0.7067,65.62,62.17,0.34,28.98
97.37,1.0933,1.15,0.3467,0.4267,31.71,37.1,0.7467,0.7233,68.29,62.9,0.32,29.27
98.5333,1.1633,1.13,0.3833,0.3833,32.95,33.92,0.78,0.7467,67.05,66.08,0.3967,34.1
99.67,1.1367,1.14,0.3767,0.38,33.14,33.33,0.76,0.76,66.86,66.67,0.38,33.43
100.84,1.17,1.1333,0.4067,0.41,34.76,36.18,0.7633,0.7233,65.24,63.82,0.3533,30.2
101.9833,1.1433,1.15,0.4033,0.4167,35.28,36.23,0.74,0.7333,64.72,63.77,0.3233,28.28
103.1467,1.1633,1.18,0.3933,0.44,33.81,37.29,0.77,0.74,66.19,62.71,0.33,28.37
104.29,1.1433,1.1533,0.39,0.4333,34.11,37.57,0.7533,0.72,65.89,62.43,0.32,27.99
105.43,1.14,1.1267,0.4,0.38,35.09,33.73,0.74,0.7467,64.91,66.27,0.36,31.58
106.5667,1.1367,1.1533,0.38,0.3933,33.43,34.1,0.7567,0.76,66.57,65.9,0.3633,31.96
107.7367,1.17,1.1433,0.41,0.3933,35.04,34.4,0.76,0.75,64.96,65.6,0.3667,31.34
108.8767,1.14,1.16,0.3833,0.43,33.63,37.07,0.7567,0.73,66.37,62.93,0.3267,28.65
110.0067,1.13,1.1333,0.38,0.3833,33.63,33.82,0.75,0.75,66.37,66.18,0.3667,32.45
111.15,1.1433,1.14,0.39,0.3833,34.11,33.63,0.7533,0.7567,65.89,66.37,0.37,32.36
112.2633,1.1133,1.14,0.3533,0.3867,31.74,33.92,0.76,0.7533,68.26,66.08,0.3733,33.53
113.46,1.1967,1.1433,0.41,0.4267,34.26,37.32,0.7867,0.7167,65.74,62.68,0.36,30.08
114.6167,1.1567,1.1733,0.4133,0.4067,35.73,34.66,0.7433,0.7667,64.27,65.34,0.3367,29.11
115.7633,1.1467,1.1533,0.3967,0.4367,34.59,37.86,0.75,0.7167,65.41,62.14,0.3133,27.33
116.8867,1.1233,1.1433,0.38,0.4333,33.83,37.9,0.7433,0.71,66.17,62.1,0.31,27.6
118.0567,1.17,1.1367,0.41,0.4267,35.04,37.54,0.76,0.71,64.96,62.46,0.3333,28.49
119.2133,1.1567,1.18,0.3833,0.41,33.14,34.75,0.7733,0.77,66.86,65.25,0.3633,31.41
120.37,1.1567,1.1467,0.4,0.3967,34.58,34.59,0.7567,0.75,65.42,65.41,0.36,31.12
121.5033,1.1333,1.1433,0.3867,0.4367,34.12,38.19,0.7467,0.7067,65.88,61.81,0.31,27.35
122.6467,1.1433,1.1433,0.3833,0.43,33.53,37.61,0.76,0.7133,66.47,62.39,0.33,28.86
123.7667,1.12,1.1233,0.3767,0.37,33.63,32.94,0.7433,0.7533,66.37,67.06,0.3733,33.33
124.9233,1.1567,1.1167,0.3967,0.37,34.29,33.13,0.76,0.7467,65.71,66.87,0.39,33.72
126.0633,1.14,1.19,0.3767,0.41,33.04,34.45,0.7633,0.78,66.96,65.55,0.3533,30.99
127.2167,1.1533,1.12,0.4067,0.3933,35.26,35.12,0.7467,0.7267,64.74,64.88,0.3533,30.64
128.3467,1.13,1.1467,0.39,0.3933,34.51,34.3,0.74,0.7533,65.49,65.7,0.3467,30.68
129.4533,1.1067,1.14,0.35,0.39,31.63,34.21,0.7567,0.75,68.37,65.79,0.3667,33.13
130.61,1.1567,1.1333,0.37,0.38,31.99,33.53,0.7867,0.7533,68.01,66.47,0.4067,35.16
131.7533,1.1433,1.14,0.39,0.3833,34.11,33.63,0.7533,0.7567,65.89,66.37,0.37,32.36
132.8667,1.1133,1.1233,0.37,0.39,33.23,34.72,0.7433,0.7333,66.77,65.28,0.3533,31.74
134.0233,1.1567,1.1133,0.3967,0.3767,34.29,33.83,0.76,0.7367,65.71,66.17,0.3833,33.14
135.19,1.1667,1.17,0.3867,0.3833,33.14,32.76,0.78,0.7867,66.86,67.24,0.3967,34.0
136.2833,1.0933,1.1667,0.3267,0.44,29.88,37.71,0.7667,0.7267,70.12,62.29,0.3267,29.88
137.51,1.2267,1.1767,0.42,0.4667,34.24,39.66,0.8067,0.71,65.76,60.34,0.34,27.72
138.6833,1.1733,1.16,0.3833,0.4,32.67,34.48,0.79,0.76,67.33,65.52,0.39,33.24
139.81,1.1267,1.1433,0.3733,0.3833,33.14,33.53,0.7533,0.76,66.86,66.47,0.37,32.84
140.9667,1.1567,1.1333,0.3967,0.3867,34.29,34.12,0.76,0.7467,65.71,65.88,0.3733,32.28
142.15,1.1833,1.1933,0.39,0.4133,32.96,34.64,0.7933,0.78,67.04,65.36,0.38,32.11
143.3067,1.1567,1.1633,0.3933,0.4067,34.01,34.96,0.7633,0.7567,65.99,65.04,0.3567,30.84
144.46,1.1533,1.1367,0.3967,0.3967,34.39,34.9,0.7567,0.74,65.61,65.1,0.36,31.21
145.5833,1.1233,1.14,0.3733,0.3833,33.23,33.63,0.75,0.7567,66.77,66.37,0.3667,32.64
146.7667,1.1833,1.17,0.3933,0.3933,33.24,33.62,0.79,0.7767,66.76,66.38,0.3967,33.52
147.9433,1.1767,1.1633,0.41,0.3867,34.84,33.24,0.7667,0.7767,65.16,66.76,0.38,32.29
149.0767,1.1333,1.1633,0.39,0.3967,34.41,34.1,0.7433,0.7667,65.59,65.9,0.3467,30.59
150.21,1.1333,1.1333,0.39,0.3933,34.41,34.71,0.7433,0.74,65.59,65.29,0.35,30.88
151.3267,1.1167,1.1333,0.37,0.3833,33.13,33.82,0.7467,0.75,66.87,66.18,0.3633,32.54
152.4767,1.15,1.13,0.3933,0.3867,34.2,34.22,0.7567,0.7433,65.8,65.78,0.37,32.17
153.6467,1.17,1.1533,0.3967,0.4033,33.9,34.97,0.7733,0.75,66.1,65.03,0.37,31.62
154.8,1.1533,1.15,0.3933,0.3833,34.1,33.33,0.76,0.7667,65.9,66.67,0.3767,32.66
155.9433,1.1433,1.17,0.39,0.4033,34.11,34.47,0.7533,0.7667,65.89,65.53,0.35,30.61
157.0967,1.1533,1.1333,0.4033,0.4267,34.97,37.65,0.75,0.7067,65.03,62.35,0.3233,28.03
158.2633,1.1667,1.1733,0.3933,0.3967,33.71,33.81,0.7733,0.7767,66.29,66.19,0.3767,32.29
159.41,1.1467,1.15,0.3767,0.3933,32.85,34.2,0.77,0.7567,67.15,65.8,0.3767,32.85
160.5867,1.1767,1.1633,0.4,0.3933,33.99,33.81,0.7767,0.77,66.01,66.19,0.3833,32.58
161.72,1.1333,1.1533,0.39,0.3933,34.41,34.1,0.7433,0.76,65.59,65.9,0.35,30.88
162.8767,1.1567,1.1433,0.39,0.39,33.72,34.11,0.7667,0.7533,66.28,65.89,0.3767,32.56
164.01,1.1333,1.1433,0.39,0.4,34.41,34.99,0.7433,0.7433,65.59,65.01,0.3433,30.29
165.1433,1.1333,1.13,0.3767,0.3767,33.24,33.33,0.7567,0.7533,66.76,66.67,0.38,33.53
166.3167,1.1733,1.16,0.39,0.3967,33.24,34.2,0.7833,0.7633,66.76,65.8,0.3867,32.95
167.48,1.1633,1.1567,0.3933,0.4033,33.81,34.87,0.77,0.7533,66.19,65.13,0.3667,31.52
168.6267,1.1467,1.1767,0.38,0.3833,33.14,32.58,0.7667,0.7933,66.86,67.42,0.3833,33.43
169.77,1.1433,1.1467,0.3833,0.3967,33.53,34.59,0.76,0.75,66.47,65.41,0.3633,31.78
170.92,1.15,1.1433,0.38,0.39,33.04,34.11,0.77,0.7533,66.96,65.89,0.38,33.04
172.1,1.18,1.13,0.41,0.3767,34.75,33.33,0.77,0.7533,65.25,66.67,0.3933,33.33
173.2667,1.1667,1.1933,0.4067,0.4333,34.86,36.31,0.76,0.76,65.14,63.69,0.3267,28.0
174.4033,1.1367,1.1467,0.39,0.39,34.31,34.01,0.7467,0.7567,65.69,65.99,0.3567,31.38
175.5667,1.1633,1.1567,0.39,0.4,33.52,34.58,0.7733,0.7567,66.48,65.42,0.3733,32.09
176.6967,1.13,1.1467,0.3833,0.3867,33.92,33.72,0.7467,0.76,66.08,66.28,0.36,31.86
177.89,1.1933,1.1567,0.4033,0.3833,33.8,33.14,0.79,0.7733,66.2,66.86,0.4067,34.08
179.05,1.16,1.1633,0.3967,0.3767,34.2,32.38,0.7633,0.7867,65.8,67.62,0.3867,33.33
180.1767,1.1267,1.1467,0.38,0.3667,33.73,31.98,0.7467,0.78,66.27,68.02,0.38,33.73
181.3267,1.15,1.1667,0.3833,0.3933,33.33,33.71,0.7667,0.7733,66.67,66.29,0.3733,32.46
182.4933,1.1667,1.16,0.3867,0.3967,33.14,34.2,0.78,0.7633,66.86,65.8,0.3833,32.86
183.6367,1.1433,1.1433,0.39,0.39,34.11,34.11,0.7533,0.7533,65.89,65.89,0.3633,31.78
184.7767,1.14,1.1433,0.3867,0.3867,33.92,33.82,0.7533,0.7567,66.08,66.18,0.3667,32.16
185.9467,1.17,1.1733,0.3867,0.4033,33.05,34.38,0.7833,0.77,66.95,65.62,0.38,32.48
187.11,1.1633,1.15,0.3967,0.3933,34.1,34.2,0.7667,0.7567,65.9,65.8,0.3733,32.09
188.2433,1.1333,1.1633,0.3733,0.4367,32.94,37.54,0.76,0.7267,67.06,62.46,0.3233,28.53
189.4033,1.16,1.1367,0.3833,0.39,33.05,34.31,0.7767,0.7467,66.95,65.69,0.3867,33.33
190.5567,1.1533,1.1467,0.3933,0.38,34.1,33.14,0.76,0.7667,65.9,66.86,0.38,32.95
191.71,1.1533,1.1467,0.39,0.3833,33.82,33.43,0.7633,0.7633,66.18,66.57,0.38,32.95
192.87,1.16,1.18,0.3933,0.43,33.91,36.44,0.7667,0.75,66.09,63.56,0.3367,29.02
194.0233,1.1533,1.1567,0.3833,0.4133,33.24,35.73,0.77,0.7433,66.76,64.27,0.3567,30.92
195.1767,1.1533,1.1433,0.38,0.39,32.95,34.11,0.7733,0.7533,67.05,65.89,0.3833,33.24
196.3467,1.17,1.1633,0.3967,0.3933,33.9,33.81,0.7733,0.77,66.1,66.19,0.38,32.48
197.4967,1.15,1.1533,0.3767,0.3833,32.75,33.24,0.7733,0.77,67.25,66.76,0.39,33.91
198.68,1.1833,1.1533,0.4033,0.3767,34.08,32.66,0.78,0.7767,65.92,67.34,0.4033,34.08
199.8767,1.1967,1.22,0.3567,0.4267,29.81,34.97,0.84,0.7933,70.19,65.03,0.4133,34.54
201.0767,1.2,1.1767,0.39,0.4133,32.5,35.13,0.81,0.7633,67.5,64.87,0.3967,33.06
202.2333,1.1567,1.2067,0.3733,0.4,32.28,33.15,0.7833,0.8067,67.72,66.85,0.3833,33.14
203.4067,1.1733,1.1433,0.4,0.4,34.09,34.99,0.7733,0.7433,65.91,65.01,0.3733,31.82
204.5267,1.12,1.13,0.3933,0.3733,35.12,33.04,0.7267,0.7567,64.88,66.96,0.3533,31.55
205.6567,1.13,1.1267,0.3833,0.38,33.92,33.73,0.7467,0.7467,66.08,66.27,0.3667,32.45
206.8167,1.16,1.14,0.3967,0.3667,34.2,32.16,0.7633,0.7733,65.8,67.84,0.3967,34.2
207.97,1.1533,1.1667,0.39,0.3733,33.82,32.0,0.7633,0.7933,66.18,68.0,0.39,33.82
209.1033,1.1333,1.1467,0.3833,0.37,33.82,32.27,0.75,0.7767,66.18,67.73,0.38,33.53
210.2633,1.16,1.1567,0.3967,0.3933,34.2,34.01,0.7633,0.7633,65.8,65.99,0.37,31.9
211.41,1.1467,1.1433,0.3833,0.3867,33.43,33.82,0.7633,0.7567,66.57,66.18,0.3767,32.85
212.5567,1.1467,1.1267,0.3933,0.37,34.3,32.84,0.7533,0.7567,65.7,67.16,0.3833,33.43
213.7033,1.1467,1.1567,0.3867,0.37,33.72,31.99,0.76,0.7867,66.28,68.01,0.39,34.01
214.88,1.1767,1.1667,0.3967,0.3933,33.71,33.71,0.78,0.7733,66.29,66.29,0.3867,32.86
215.99,1.11,1.1667,0.3667,0.3867,33.03,33.14,0.7433,0.78,66.97,66.86,0.3567,32.13
217.11,1.12,1.1167,0.3733,0.3733,33.33,33.43,0.7467,0.7433,66.67,66.57,0.3733,33.33
218.27,1.16,1.1133,0.41,0.4067,35.34,36.53,0.75,0.7067,64.66,63.47,0.3433,29.6
219.3933,1.1233,1.13,0.3867,0.36,34.42,31.86,0.7367,0.77,65.58,68.14,0.3767,33.53
220.54,1.1467,1.19,0.3767,0.4,32.85,33.61,0.77,0.79,67.15,66.39,0.37,32.27
221.69,1.15,1.1567,0.3767,0.41,32.75,35.45,0.7733,0.7467,67.25,64.55,0.3633,31.59
222.84,1.15,1.1133,0.3867,0.38,33.62,34.13,0.7633,0.7333,66.38,65.87,0.3833,33.33
223.9367,1.0967,1.13,0.3633,0.3767,33.13,33.33,0.7333,0.7533,66.87,66.67,0.3567,32.52
225.1033,1.1667,1.13,0.4,0.4233,34.29,37.46,0.7667,0.7067,65.71,62.54,0.3433,29.43
226.2467,1.1433,1.1533,0.3833,0.3867,33.53,33.53,0.76,0.7667,66.47,66.47,0.3733,32.65
227.4233,1.1767,1.1567,0.4067,0.39,34.56,33.72,0.77,0.7667,65.44,66.28,0.38,32.29
228.56,1.1367,1.13,0.39,0.3967,34.31,35.1,0.7467,0.7333,65.69,64.9,0.35,30.79
229.7067,1.1467,1.1833,0.38,0.4367,33.14,36.9,0.7667,0.7467,66.86,63.1,0.33,28.78
230.8633,1.1567,1.1433,0.39,0.3967,33.72,34.69,0.7667,0.7467,66.28,65.31,0.37,31.99
232.0033,1.14,1.1267,0.3933,0.38,34.5,33.73,0.7467,0.7467,65.5,66.27,0.3667,32.16
233.1533,1.15,1.1467,0.39,0.3867,33.91,33.72,0.76,0.76,66.09,66.28,0.3733,32.46
234.3,1.1467,1.16,0.39,0.4,34.01,34.48,0.7567,0.76,65.99,65.52,0.3567,31.1
235.4333,1.1333,1.1467,0.3867,0.3867,34.12,33.72,0.7467,0.76,65.88,66.28,0.36,31.76
236.59,1.1567,1.13,0.39,0.3967,33.72,35.1,0.7667,0.7333,66.28,64.9,0.37,31.99
237.75,1.16,1.1633,0.3967,0.3967,34.2,34.1,0.7633,0.7667,65.8,65.9,0.3667,31.61
238.8867,1.1367,1.15,0.39,0.39,34.31,33.91,0.7467,0.76,65.69,66.09,0.3567,31.38
240.06,1.1733,1.14,0.3933,0.3833,33.52,33.63,0.78,0.7567,66.48,66.37,0.3967,33.81
241.21,1.15,1.1767,0.4,0.39,34.78,33.14,0.75,0.7867,65.22,66.86,0.36,31.3
242.34,1.13,1.13,0.3933,0.3867,34.81,34.22,0.7367,0.7433,65.19,65.78,0.35,30.97
243.4633,1.1233,1.1433,0.3633,0.39,32.34,34.11,0.76,0.7533,67.66,65.89,0.37,32.94
244.6167,1.1533,1.1267,0.3733,0.3967,32.37,35.21,0.78,0.73,67.63,64.79,0.3833,33.24
245.7733,1.1567,1.1667,0.3967,0.3867,34.29,33.14,0.76,0.78,65.71,66.86,0.3733,32.28
246.92,1.1467,1.1533,0.3867,0.3933,33.72,34.1,0.76,0.76,66.28,65.9,0.3667,31.98
248.0567,1.1367,1.1433,0.3833,0.39,33.72,34.11,0.7533,0.7533,66.28,65.89,0.3633,31.96
249.2233,1.1667,1.1367,0.4,0.4,34.29,35.19,0.7667,0.7367,65.71,64.81,0.3667,31.43
250.3567,1.1333,1.1667,0.36,0.3933,31.76,33.71,0.7733,0.7733,68.24,66.29,0.38,33.53
251.51,1.1533,1.1467,0.3767,0.3867,32.66,33.72,0.7767,0.76,67.34,66.28,0.39,33.82
252.69,1.18,1.1433,0.4033,0.3833,34.18,33.53,0.7767,0.76,65.82,66.47,0.3933,33.33
253.83,1.14,1.17,0.3933,0.4033,34.5,34.47,0.7467,0.7667,65.5,65.53,0.3433,30.12
254.9733,1.1433,1.14,0.39,0.3867,34.11,33.92,0.7533,0.7533,65.89,66.08,0.3667,32.07
256.1033,1.13,1.1367,0.38,0.39,33.63,34.31,0.75,0.7467,66.37,65.69,0.36,31.86
257.27,1.1667,1.1233,0.41,0.3867,35.14,34.42,0.7567,0.7367,64.86,65.58,0.37,31.71
258.4367,1.1667,1.19,0.3833,0.3967,32.86,33.33,0.7833,0.7933,67.14,66.67,0.3867,33.14
259.57,1.1333,1.15,0.39,0.3867,34.41,33.62,0.7433,0.7633,65.59,66.38,0.3567,31.47
260.7333,1.1633,1.1333,0.4033,0.3867,34.67,34.12,0.76,0.7467,65.33,65.88,0.3733,32.09
261.8867,1.1533,1.18,0.3733,0.3867,32.37,32.77,0.78,0.7933,67.63,67.23,0.3933,34.1
263.0367,1.15,1.1733,0.3533,0.39,30.72,33.24,0.7967,0.7833,69.28,66.76,0.4067,35.36
264.2167,1.18,1.16,0.37,0.4333,31.36,37.36,0.81,0.7267,68.64,62.64,0.3767,31.92
265.41,1.1933,1.2033,0.3767,0.4433,31.56,36.84,0.8167,0.76,68.44,63.16,0.3733,31.28
266.55,1.14,1.14,0.3833,0.3933,33.63,34.5,0.7567,0.7467,66.37,65.5,0.3633,31.87
267.68,1.13,1.12,0.3933,0.3967,34.81,35.42,0.7367,0.7233,65.19,64.58,0.34,30.09
268.8333,1.1533,1.14,0.3733,0.38,32.37,33.33,0.78,0.76,67.63,66.67,0.4,34.68
269.9833,1.15,1.1633,0.38,0.3933,33.04,33.81,0.77,0.77,66.96,66.19,0.3767,32.75
271.11,1.1267,1.1367,0.3867,0.3967,34.32,34.9,0.74,0.74,65.68,65.1,0.3433,30.47
272.2433,1.1333,1.1367,0.3733,0.3933,32.94,34.6,0.76,0.7433,67.06,65.4,0.3667,32.35
273.4267,1.1833,1.1467,0.3967,0.3767,33.52,32.85,0.7867,0.77,66.48,67.15,0.41,34.65
274.61,1.1833,1.1867,0.39,0.3933,32.96,33.15,0.7933,0.7933,67.04,66.85,0.4,33.8
275.7833,1.1733,1.1667,0.3967,0.3867,33.81,33.14,0.7767,0.78,66.19,66.86,0.39,33.24
276.9067,1.1233,1.17,0.3667,0.3967,32.64,33.9,0.7567,0.7733,67.36,66.1,0.36,32.05
278.0567,1.15,1.1167,0.4033,0.3867,35.07,34.63,0.7467,0.73,64.93,65.37,0.36,31.3
279.2033,1.1467,1.1633,0.3867,0.3967,33.72,34.1,0.76,0.7667,66.28,65.9,0.3633,31.69
280.3567,1.1533,1.1367,0.3933,0.3867,34.1,34.02,0.76,0.75,65.9,65.98,0.3733,32.37
281.52,1.1633,1.1767,0.3767,0.4,32.38,33.99,0.7867,0.7767,67.62,66.01,0.3867,33.24
282.7133,1.1933,1.18,0.4,0.4033,33.52,34.18,0.7933,0.7767,66.48,65.82,0.39,32.68
283.8433,1.13,1.16,0.37,0.3933,32.74,33.91,0.76,0.7667,67.26,66.09,0.3667,32.45
285.0167,1.1733,1.1433,0.3967,0.3967,33.81,34.69,0.7767,0.7467,66.19,65.31,0.38,32.39
286.1333,1.1167,1.1433,0.36,0.39,32.24,34.11,0.7567,0.7533,67.76,65.89,0.3667,32.84
287.3233,1.19,1.1533,0.4,0.3933,33.61,34.1,0.79,0.76,66.39,65.9,0.3967,33.33
288.4833,1.16,1.1933,0.38,0.4133,32.76,34.64,0.78,0.78,67.24,65.36,0.3667,31.61
289.6267,1.1433,1.1333,0.3767,0.38,32.94,33.53,0.7667,0.7533,67.06,66.47,0.3867,33.82
290.7833,1.1567,1.1567,0.3933,0.3933,34.01,34.01,0.7633,0.7633,65.99,65.99,0.37,31.99
291.9333,1.15,1.1467,0.38,0.41,33.04,35.76,0.77,0.7367,66.96,64.24,0.36,31.3
293.11,1.1767,1.16,0.3967,0.4,33.71,34.48,0.78,0.76,66.29,65.52,0.38,32.29
294.2567,1.1467,1.1733,0.3767,0.41,32.85,34.94,0.77,0.7633,67.15,65.06,0.36,31.4
295.4233,1.1667,1.14,0.39,0.3833,33.43,33.63,0.7767,0.7567,66.57,66.37,0.3933,33.71
296.5633,1.14,1.1567,0.3867,0.39,33.92,33.72,0.7533,0.7667,66.08,66.28,0.3633,31.87
297.71,1.1467,1.1467,0.3833,0.3867,33.43,33.72,0.7633,0.76,66.57,66.28,0.3767,32.85
298.8633,1.1533,1.1467,0.38,0.3867,32.95,33.72,0.7733,0.76,67.05,66.28,0.3867,33.53
